Municipality;Yes;No;@Inv;@Abs
Aeugst am Albis;388;436;7;495
Affoltern am Albis;1933;1635;59;3105
Bonstetten;1049;1057;24;1429
Hausen am Albis;739;720;11;927
Hedingen;712;732;12;866
Kappel am Albis;250;174;5;219
Knonau;369;328;10;550
Maschwanden;138;107;3;222
Mettmenstetten;897;857;17;1176
Obfelden;949;714;17;1371
Ottenbach;557;547;10;672
Rifferswil;197;234;6;227
Stallikon;756;577;13;818
Wettswil am Albis;1041;985;16;1148
Benken (ZH);220;129;0;250
Berg am Irchel;198;108;2;163
Buch am Irchel;265;136;1;220
Dachsen;372;334;9;575
Dorf;211;69;2;174
Feuerthalen;705;529;14;992
Flaach;424;138;3;286
Flurlingen;261;351;7;368
Henggart;602;375;6;549
Kleinandelfingen;533;344;9;581
Laufen-Uhwiesen;379;283;8;435
Marthalen;603;295;13;531
Ossingen;346;246;3;402
Rheinau;255;276;9;358
Thalheim an der Thur;245;98;1;232
Trüllikon;310;147;5;329
Truttikon;149;85;0;112
Volken;94;38;2;84
Bachenbülach;727;509;27;1137
Bassersdorf;2014;1515;20;3310
Bülach;3274;2322;67;5266
Dietlikon;1396;1146;32;1956
Eglisau;951;763;18;1036
Embrach;1712;1076;31;2690
Freienstein-Teufen;579;420;4;607
Glattfelden;908;515;12;1303
Hochfelden;535;249;4;560
Höri;490;154;3;727
Hüntwangen;237;158;3;288
Kloten;3276;1876;75;5598
Lufingen;409;226;3;491
Nürensdorf;1439;817;22;1479
Oberembrach;313;144;5;283
Opfikon;2077;1270;26;4184
Rafz;1037;660;6;975
Rorbas;450;288;6;703
Wallisellen;2542;1976;64;3737
Wasterkingen;179;79;0;164
Wil (ZH);377;237;5;365
Winkel;1088;637;13;1111
Bachs;192;83;1;184
Boppelsen;319;229;3;326
Buchs (ZH);1173;620;17;1650
Dällikon;747;358;8;1068
Dänikon;427;207;7;492
Dielsdorf;1113;648;17;1656
Hüttikon;196;80;2;198
Neerach;907;475;9;829
Niederglatt;1058;463;18;1312
Niederhasli;1789;927;27;2429
Niederweningen;593;444;12;744
Oberglatt;929;455;13;1732
Oberweningen;399;249;5;480
Otelfingen;534;385;11;696
Regensberg;92;107;3;113
Regensdorf;3045;1629;46;4499
Rümlang;1393;656;21;1976
Schleinikon;180;121;2;226
Schöfflisdorf;382;202;4;368
Stadel;491;262;4;698
Steinmaur;709;446;13;943
Weiach;292;115;4;331
Bäretswil;1257;686;20;1510
Bubikon;1634;1095;19;1913
Dürnten;1586;882;15;1968
Fischenthal;666;234;12;663
Gossau (ZH);2513;1489;30;2744
Grüningen;800;539;5;913
Hinwil;2842;1368;51;2982
Rüti (ZH);2283;1747;40;3645
Seegräben;275;277;7;308
Wald (ZH);1856;1270;48;2444
Wetzikon (ZH);4219;2964;41;6733
Adliswil;2833;2572;55;4469
Kilchberg (ZH);1359;1648;42;1735
Langnau am Albis;1386;1245;31;1932
Oberrieden;1032;1226;17;1235
Richterswil;2634;2173;50;3427
Rüschlikon;929;1032;26;1352
Thalwil;2926;3441;105;4709
Erlenbach (ZH);1066;1212;36;1148
Herrliberg;1483;1311;31;1263
Hombrechtikon;1931;1174;41;2261
Küsnacht (ZH);2811;2995;83;3236
Männedorf;1971;2238;53;2646
Meilen;2584;2704;74;3134
Oetwil am See;838;488;10;1241
Stäfa;2828;3012;90;3599
Uetikon am See;1215;1099;0;1500
Zumikon;1095;1270;29;1021
Zollikon;2238;3001;89;2977
Fehraltorf;1331;876;22;1765
Hittnau;903;540;12;1032
Lindau;1143;696;14;1329
Pfäffikon;2339;1773;34;3003
Russikon;1114;684;16;1151
Weisslingen;893;509;9;922
Wila;614;250;8;543
Wildberg;318;181;4;219
Dübendorf;4222;3032;113;7130
Egg;1730;1422;30;2249
Fällanden;1374;1428;29;2341
Greifensee;885;1053;20;1496
Maur;2057;1916;38;2360
Mönchaltorf;745;657;13;1059
Schwerzenbach;814;705;17;1315
Uster;5777;5681;135;9262
Volketswil;3612;1959;47;5063
Wangen-Brüttisellen;1413;906;19;2219
Altikon;183;84;3;197
Brütten;544;426;8;481
Dägerlen;274;193;4;255
Dättlikon;190;159;5;181
Dinhard;440;253;7;351
Ellikon an der Thur;243;106;3;262
Elsau;845;587;15;878
Hagenbuch;376;106;2;331
Hettlingen;776;580;9;693
Neftenbach;1306;855;15;1504
Pfungen;609;332;13;860
Rickenbach (ZH);700;413;9;693
Schlatt (ZH);225;98;0;196
Seuzach;1923;1214;29;2015
Turbenthal;1076;601;12;1102
Winterthur;16181;19894;377;29162
Zell (ZH);1225;730;24;1567
Aesch (ZH);289;229;8;231
Birmensdorf (ZH);1260;1005;39;1565
Dietikon;3125;2245;76;6405
Geroldswil;1008;613;18;1455
Oberengstringen;1130;893;36;1895
Oetwil an der Limmat;569;406;9;707
Schlieren;1888;1421;45;4193
Uitikon;983;922;30;894
Unterengstringen;805;481;30;936
Urdorf;1881;1445;34;2657
Weiningen (ZH);913;537;10;1126
Zürich;42083;76436;1448;106565
Andelfingen;808;554;18;747
Stammheim;678;507;16;767
Wädenswil;4849;4093;128;6393
Elgg;1090;725;14;1186
Horgen;3862;3289;96;5613
Illnau-Effretikon;3256;2409;62;4583
Bauma;1208;571;14;1351
Wiesendangen;1621;1118;20;1513
Aarberg;1025;746;13;1248
Bargen (BE);244;142;2;370
Grossaffoltern;681;587;19;886
Kallnach;591;238;12;781
Kappelen;326;141;4;465
Lyss;2765;2018;62;4775
Meikirch;496;575;16;794
Radelfingen;269;185;5;492
Rapperswil (BE);605;365;10;1016
Schüpfen;676;613;61;1256
Seedorf (BE);760;472;24;1143
Aarwangen;992;609;16;1363
Auswil;141;51;2;207
Bannwil;177;84;6;252
Bleienbach;183;80;2;273
Busswil bei Melchnau;62;18;1;78
Gondiswil;221;68;2;296
Langenthal;2712;2414;65;5265
Lotzwil;508;318;9;822
Madiswil;743;390;21;1268
Melchnau;333;161;6;645
Oeschenbach;52;19;1;148
Reisiswil;50;20;2;92
Roggwil (BE);749;510;13;1466
Rohrbach;365;140;4;676
Rohrbachgraben;105;42;1;178
Rütschelen;159;66;1;211
Schwarzhäusern;146;66;5;165
Thunstetten;689;309;16;1101
Ursenbach;204;96;2;408
Wynau;372;152;4;576
Bern;12998;30167;469;39588
Bolligen;1246;1698;58;1762
Bremgarten bei Bern;711;1169;23;1254
Kirchlindach;624;819;13;793
Köniz;6365;8598;184;12438
Muri bei Bern;2320;3397;97;3724
Oberbalm;242;101;3;341
Stettlen;553;653;9;972
Vechigen;963;1007;25;1562
Wohlen bei Bern;1752;2330;45;2819
Zollikofen;1803;1852;46;3085
Ittigen;1790;1895;45;3794
Ostermundigen;2306;2157;55;5493
Biel/Bienne;6927;7702;258;16523
Evilard;376;485;14;879
Arch;430;160;4;550
Büetigen;252;93;2;256
Büren an der Aare;754;441;10;1166
Diessbach bei Büren;233;131;7;288
Dotzigen;312;182;4;525
Lengnau (BE);1000;527;29;1637
Leuzigen;308;154;6;491
Meinisberg;315;165;6;432
Oberwil bei Büren;183;112;1;323
Pieterlen;686;339;10;1269
Rüti bei Büren;215;120;12;334
Wengi;153;67;2;222
Aefligen;255;146;2;409
Alchenstorf;149;67;2;222
Bäriswil;253;182;3;345
Burgdorf;2464;3038;57;5598
Ersigen;465;303;10;700
Hasle bei Burgdorf;624;337;9;1434
Heimiswil;410;233;25;576
Hindelbank;507;336;12;959
Höchstetten;109;56;0;188
Kernenried;96;47;2;200
Kirchberg (BE);1206;896;16;1949
Koppigen;479;292;6;767
Krauchthal;535;292;19;950
Lyssach;392;192;21;540
Oberburg;579;317;16;1098
Rüdtligen-Alchenflüh;394;193;3;786
Rumendingen;26;4;0;36
Willadingen;55;24;0;77
Wynigen;471;263;5;876
Corgémont;334;199;3;559
Cormoret;83;91;3;216
Cortébert;142;96;12;254
Courtelary;230;169;9;458
La Ferrière;61;62;2;260
Mont-Tramelan;30;21;0;58
Orvin;241;153;8;488
Renan (BE);135;118;8;378
Romont (BE);54;22;1;67
Saint-Imier;658;642;31;1627
Sonceboz-Sombeval;270;181;4;695
Sonvilier;141;132;9;536
Tramelan;875;932;40;1327
Villeret;143;135;3;372
Sauge;171;103;6;308
Péry-La Heutte;385;221;5;705
Brüttelen;150;71;2;203
Erlach;227;257;6;413
Finsterhennen;97;60;4;144
Gals;157;107;7;255
Gampelen;168;86;12;275
Ins;652;512;11;1019
Lüscherz;133;57;1;231
Müntschemier;371;144;1;275
Siselen;132;79;3;232
Treiten;115;53;2;149
Tschugg;73;103;1;147
Vinelz;196;138;4;288
Bätterkinden;596;535;13;1285
Fraubrunnen;1036;889;23;1719
Jegenstorf;1047;1177;46;1796
Iffwil;89;70;2;160
Mattstetten;141;110;1;229
Moosseedorf;716;558;13;1173
Münchenbuchsee;1823;1756;60;3400
Urtenen-Schönbühl;1006;760;24;2155
Utzenstorf;943;657;30;1463
Wiggiswil;58;32;1;67
Wiler bei Utzenstorf;170;126;4;347
Zielebach;92;30;1;149
Zuzwil (BE);148;118;2;186
Adelboden;1126;358;16;1208
Aeschi bei Spiez;532;266;12;772
Frutigen;1780;645;37;2640
Kandergrund;272;50;2;332
Kandersteg;255;166;4;449
Krattigen;217;155;4;405
Reichenbach im Kandertal;964;310;25;1383
Beatenberg;343;166;6;364
Bönigen;567;333;4;956
Brienz (BE);640;418;23;1181
Brienzwiler;142;51;0;201
Därligen;90;55;2;172
Grindelwald;907;328;18;1430
Gsteigwiler;97;55;4;190
Gündlischwand;72;23;1;128
Habkern;147;45;0;289
Hofstetten bei Brienz;158;55;5;208
Interlaken;968;772;15;1797
Iseltwald;99;36;2;193
Lauterbrunnen;431;288;14;990
Leissigen;199;147;4;368
Lütschental;54;18;1;109
Matten bei Interlaken;786;479;11;1441
Niederried bei Interlaken;72;49;0;126
Oberried am Brienzersee;112;58;0;224
Ringgenberg (BE);611;295;8;1033
Saxeten;24;11;0;54
Schwanden bei Brienz;142;100;6;241
Unterseen;1192;804;31;1958
Wilderswil;584;269;10;950
Arni (BE);257;93;8;425
Biglen;335;270;5;733
Bowil;329;142;3;612
Brenzikofen;146;71;3;194
Freimettigen;99;65;2;163
Grosshöchstetten;791;730;23;1442
Häutligen;74;19;1;94
Herbligen;133;62;2;245
Kiesen;207;139;7;306
Konolfingen;1124;786;53;1679
Landiswil;153;54;2;320
Linden;347;97;3;582
Mirchel;141;52;1;250
Münsingen;2386;2743;65;3643
Niederhünigen;113;123;4;261
Oberdiessbach;812;472;21;1318
Oberthal;162;87;1;383
Oppligen;144;101;2;246
Rubigen;526;601;25;1023
Walkringen;429;236;6;785
Worb;2146;2236;45;3824
Zäziwil;333;228;10;657
Oberhünigen;68;22;2;149
Allmendingen;123;103;3;160
Wichtrach;851;630;19;1563
Ferenbalm;324;165;3;496
Frauenkappelen;296;246;8;436
Gurbrü;75;26;1;84
Kriechenwil;117;54;3;171
Laupen;495;524;45;1026
Mühleberg;650;438;8;1053
Münchenwiler;87;68;2;227
Neuenegg;1083;722;37;1801
Wileroltigen;79;28;4;169
Belprahon;70;60;1;96
Champoz;63;14;2;46
Corcelles (BE);53;20;1;101
Court;277;155;3;594
Crémines;99;72;3;216
Eschert;76;41;2;127
Grandval;58;43;0;181
Loveresse;58;44;2;139
Moutier;1366;1573;88;1784
Perrefitte;119;51;0;186
Reconvilier;392;261;11;817
Roches (BE);63;23;1;86
Saicourt;119;61;2;266
Saules (BE);68;12;2;33
Schelten;14;7;1;26
Seehof;15;4;0;38
Sorvilier;45;38;2;118
Tavannes;484;408;11;1345
Rebévelier;15;6;0;12
Petit-Val;104;67;1;139
Valbirse;675;493;26;1433
La Neuveville;478;760;15;1164
Nods;113;103;3;313
Plateau de Diesse;352;393;23;736
Aegerten;435;215;10;612
Bellmund;364;261;9;452
Brügg;842;505;16;1474
Bühl;121;49;12;159
Epsach;100;49;3;119
Hagneck;119;62;4;148
Hermrigen;90;20;2;100
Jens;195;126;1;202
Ipsach;906;677;15;1224
Ligerz;108;139;3;179
Merzligen;94;83;2;138
Mörigen;312;140;2;229
Nidau;1126;1011;37;2518
Orpund;649;271;27;932
Port;840;537;16;1099
Safnern;532;280;10;613
Scheuren;132;52;1;146
Schwadernau;171;82;3;232
Studen (BE);669;259;16;1049
Sutz-Lattrigen;326;199;17;454
Täuffelen;719;440;13;882
Walperswil;260;110;0;340
Worben;537;323;13;794
Twann-Tüscherz;252;243;3;416
Därstetten;285;45;1;343
Diemtigen;684;157;3;857
Erlenbach im Simmental;447;189;6;697
Oberwil im Simmental;256;68;4;327
Reutigen;291;132;9;337
Spiez;2711;2256;65;4596
Wimmis;642;244;2;890
Stocken-Höfen;240;99;2;403
Guttannen;59;37;2;147
Hasliberg;240;155;2;460
Innertkirchen;289;86;10;513
Meiringen;1034;650;25;1564
Schattenhalb;135;64;5;224
Boltigen;377;140;5;597
Lenk;627;294;11;932
St. Stephan;492;114;3;445
Zweisimmen;785;356;10;1116
Gsteig;209;86;13;415
Lauenen;213;65;5;323
Saanen;1278;808;36;2247
Guggisberg;354;126;15;851
Rüschegg;348;209;3;853
Schwarzenburg;1398;997;22;2873
Belp;2288;1699;94;3777
Burgistein;271;113;4;436
Gerzensee;249;178;14;401
Gurzelen;192;79;2;326
Kaufdorf;208;229;2;295
Kehrsatz;744;812;20;1219
Kirchdorf (BE);456;268;9;684
Riggisberg;604;321;62;1233
Rüeggisberg;421;209;8;872
Seftigen;534;339;13;781
Toffen;572;427;11;827
Uttigen;486;305;10;590
Wattenwil;616;349;7;1124
Wald (BE);395;278;7;657
Thurnen;417;389;1;635
Eggiwil;584;166;8;1240
Langnau im Emmental;1722;1510;32;3798
Lauperswil;594;242;8;1305
Röthenbach im Emmental;339;61;1;596
Rüderswil;542;251;11;1092
Schangnau;281;50;11;413
Signau;590;331;13;1165
Trub;332;98;7;811
Trubschachen;240;180;11;644
Amsoldingen;240;112;2;291
Blumenstein;332;134;9;467
Buchholterberg;440;139;22;644
Eriz;188;30;2;201
Fahrni;226;81;3;264
Heiligenschwendi;177;109;5;202
Heimberg;1390;772;19;2555
Hilterfingen;836;901;37;1325
Homberg;137;45;6;194
Horrenbach-Buchen;101;11;0;87
Oberhofen am Thunersee;554;555;34;687
Oberlangenegg;191;29;2;171
Pohlern;64;19;1;115
Sigriswil;1453;618;20;1585
Steffisburg;3480;2617;79;5716
Teuffenthal (BE);65;13;0;67
Thierachern;626;342;3;758
Thun;8466;7488;300;15745
Uebeschi;164;82;2;262
Uetendorf;1652;798;47;2157
Unterlangenegg;284;86;4;345
Wachseldorn;77;16;0;93
Zwieselberg;69;46;0;87
Forst-Längenbühl;251;74;3;249
Affoltern im Emmental;273;134;2;506
Dürrenroth;228;73;0;554
Eriswil;354;163;23;563
Huttwil;1033;582;56;1888
Lützelflüh;836;490;33;1822
Rüegsau;766;444;38;1148
Sumiswald;1006;549;14;2431
Trachselwald;221;92;2;499
Walterswil (BE);132;44;1;268
Wyssachen;325;86;4;561
Attiswil;398;175;3;457
Berken;25;5;0;13
Bettenhausen;261;107;5;211
Farnern;56;25;0;84
Graben;94;28;1;116
Heimenhausen;281;123;3;394
Herzogenbuchsee;1207;1105;28;2391
Inkwil;174;72;1;253
Niederbipp;983;420;9;1485
Niederönz;343;209;3;617
Oberbipp;411;184;7;540
Ochlenberg;155;65;0;244
Rumisberg;161;54;2;192
Seeberg;348;229;17;618
Thörigen;300;123;2;409
Walliswil bei Niederbipp;56;23;2;102
Walliswil bei Wangen;146;61;3;272
Wangen an der Aare;475;299;25;664
Wangenried;122;44;2;159
Wiedlisbach;467;226;10;910
Doppleschwand;191;67;46;196
Entlebuch;921;377;30;1136
Flühli;510;206;10;507
Hasle (LU);538;203;11;508
Romoos;271;108;8;141
Schüpfheim;1002;658;25;1165
Werthenstein;575;213;15;527
Escholzmatt-Marbach;1191;512;30;1540
Aesch (LU);278;124;12;279
Ballwil;639;365;14;776
Emmen;5326;3087;173;7271
Ermensee;207;136;4;262
Eschenbach (LU);890;605;43;901
Hitzkirch;1181;798;64;1353
Hochdorf;1596;1386;100;2536
Hohenrain;578;365;30;684
Inwil;580;284;26;605
Rain;582;394;18;681
Römerswil;497;238;19;409
Rothenburg;1676;1413;91;1906
Schongau;235;113;13;241
Adligenswil;1191;1270;57;1354
Buchrain;1106;899;77;1612
Dierikon;315;199;4;465
Ebikon;2508;1799;79;3489
Gisikon;256;139;7;326
Greppen;229;165;10;233
Honau;91;60;1;92
Horw;2884;2557;175;3452
Kriens;5645;4503;188;7804
Luzern;11898;15807;805;22808
Malters;1560;1087;77;1899
Meggen;1766;1728;89;1159
Meierskappel;282;205;8;347
Root;849;489;19;1292
Schwarzenberg;475;230;16;468
Udligenswil;540;417;24;541
Vitznau;259;191;6;328
Weggis;968;711;35;1064
Beromünster;1331;910;49;1705
Büron;459;229;24;578
Buttisholz;729;433;24;859
Eich;440;328;16;476
Geuensee;473;289;28;650
Grosswangen;711;413;24;833
Hildisrieden;510;424;6;498
Knutwil;480;306;35;547
Mauensee;268;223;5;319
Neuenkirch;1318;994;45;1892
Nottwil;738;523;48;998
Oberkirch;773;659;51;1022
Rickenbach (LU);739;367;25;832
Ruswil;1578;1059;80;2099
Schenkon;714;481;33;672
Schlierbach;178;102;6;177
Sempach;777;1024;56;1010
Sursee;1651;1739;157;2660
Triengen;950;537;26;1191
Wolhusen;1004;548;45;1245
Alberswil;122;65;6;188
Altbüron;180;151;6;326
Altishofen;408;246;9;553
Dagmersellen;1174;652;38;1600
Egolzwil;294;202;14;425
Ettiswil;581;337;24;804
Fischbach;178;68;0;247
Grossdietwil;175;117;8;303
Hergiswil bei Willisau;456;196;3;677
Luthern;334;157;14;510
Menznau;745;322;25;890
Nebikon;488;314;19;629
Pfaffnau;453;277;20;828
Reiden;1375;815;50;1847
Roggliswil;141;86;6;237
Schötz;822;477;41;1140
Ufhusen;212;95;4;316
Wauwil;345;214;11;436
Wikon;304;180;13;451
Zell (LU);478;240;11;646
Willisau;2014;1392;101;2495
LU-Ausland-CH;649;891;36;1855
Altdorf (UR);1525;1567;69;3156
Andermatt;260;181;10;496
Attinghausen;383;190;14;562
Bürglen (UR);927;484;50;1474
Erstfeld;829;513;27;1275
Flüelen;388;249;18;723
Göschenen;119;44;5;161
Gurtnellen;119;60;4;274
Hospental;53;30;0;63
Isenthal;84;61;3;235
Realp;38;28;1;64
Schattdorf;1196;629;53;1843
Seedorf (UR);441;254;18;688
Seelisberg;128;105;9;227
Silenen;477;199;15;884
Sisikon;103;50;3;113
Spiringen;220;66;0;357
Unterschächen;232;45;4;237
Wassen;118;38;3;177
UR-Ausland-CH;61;72;0;197
Einsiedeln;3541;1844;73;4546
Gersau;486;299;15;633
Feusisberg;1307;646;15;1147
Freienbach;3829;2224;71;3839
Wollerau;1850;1180;40;1512
Küssnacht (SZ);2905;1914;57;3192
Altendorf;1480;913;49;1599
Galgenen;1215;484;13;1354
Innerthal;70;25;1;48
Lachen;1445;1126;67;2077
Reichenburg;728;284;4;998
Schübelbach;1795;688;18;2604
Tuggen;803;282;10;964
Vorderthal;366;51;1;348
Wangen (SZ);1237;522;16;1461
Alpthal;203;28;5;157
Arth;2367;1234;44;2974
Illgau;273;74;3;236
Ingenbohl;1987;1358;56;2307
Lauerz;369;108;2;276
Morschach;249;131;3;307
Muotathal;1328;261;6;1025
Oberiberg;297;92;3;251
Riemenstalden;21;4;0;29
Rothenthurm;672;127;4;615
Sattel;537;191;6;547
Schwyz;3649;2115;46;3973
Steinen;863;400;11;962
Steinerberg;262;85;5;267
Unteriberg;856;97;5;770
Alpnach;1360;822;111;1550
Engelberg;849;585;69;1027
Giswil;823;494;58;1207
Kerns;1503;759;69;1761
Lungern;504;346;11;648
Sachseln;1083;831;52;1363
Sarnen;2419;1783;127;2844
Beckenried;1008;538;24;870
Buochs;1327;859;73;1590
Dallenwil;491;254;33;546
Emmetten;389;158;13;361
Ennetbürgen;1143;826;56;1241
Ennetmoos;576;275;18;650
Hergiswil (NW);1468;935;84;1480
Oberdorf (NW);924;495;75;802
Stans;1691;1633;156;2335
Stansstad;1184;757;64;1391
Wolfenschiessen;634;263;11;529
Glarus Nord;3170;1699;33;6050
Glarus Süd;1917;1281;40;3786
Glarus;1956;1566;35;4363
Baar;4127;3253;88;5891
Cham;2974;2378;60;4184
Hünenberg;1743;1668;38;2359
Menzingen;956;704;23;1275
Neuheim;468;283;7;528
Oberägeri;1271;692;102;1418
Risch;1887;1177;24;2552
Steinhausen;1664;1548;52;2469
Unterägeri;1827;1050;31;2255
Walchwil;786;491;10;704
Zug;4754;5123;139;6413
Châtillon (FR);47;77;0;135
Cugy (FR);261;226;5;477
Fétigny;128;109;8;298
Gletterens;175;119;13;260
Lully (FR);188;118;11;314
Ménières;58;29;14;126
Montagny (FR);364;322;15;760
Nuvilly;63;41;1;157
Prévondavaux;15;9;0;24
Saint-Aubin (FR);228;208;5;479
Sévaz;48;34;6;68
Surpierre;197;110;15;416
Vallon;55;44;3;119
Les Montets;219;130;0;509
Delley-Portalban;207;148;7;347
Belmont-Broye;607;554;24;1550
Estavayer;1237;1053;53;2816
Cheyres-Châbles;312;332;17;646
Auboranges;62;29;3;98
Billens-Hennens;114;83;2;264
Chapelle (Glâne);50;41;3;59
Le Châtelard;57;26;0;168
Châtonnaye;83;124;7;287
Ecublens (FR);52;46;2;114
Grangettes;42;13;2;68
Massonnens;80;80;1;176
Mézières (FR);129;150;8;413
Montet (Glâne);62;46;5;141
Romont (FR);493;547;22;1397
Rue;180;167;1;533
Siviriez;282;263;17;942
Ursy;376;303;8;987
Vuisternens-devant-Romont;322;227;17;928
Villorsonnens;246;136;7;494
Torny;128;118;12;349
Villaz;248;316;6;790
Haut-Intyamon;233;207;5;622
Pont-en-Ogoz;214;267;3;676
Botterens;108;58;0;183
Broc;290;305;18;798
Bulle;1862;2236;187;6122
Châtel-sur-Montsalvens;41;34;2;90
Corbières;171;117;13;185
Crésuz;62;56;4;112
Echarlens;90;116;2;263
Grandvillard;94;98;4;292
Gruyères;249;274;17;689
Hauteville;82;77;3;232
Jaun;178;52;6;309
Marsens;218;282;7;530
Morlon;89;96;8;229
Le Pâquier (FR);155;192;6;375
Pont-la-Ville;77;76;6;251
Riaz;345;326;12;800
La Roche;234;152;14;605
Sâles;202;213;7;609
Sorens;161;123;4;397
Vaulruz;156;132;5;425
Vuadens;296;253;3;782
Bas-Intyamon;179;172;11;431
Val-de-Charmey;422;363;24;840
Autigny;125;138;8;248
Avry;220;332;11;589
Belfaux;355;465;20;876
Chénens;88;79;3;266
Corminboeuf;293;529;12;768
Cottens (FR);183;197;4;455
Ferpicloz;54;42;0;96
Fribourg;3459;6780;181;9674
Givisiez;335;479;10;899
Granges-Paccot;261;306;9;929
Grolley;229;284;9;637
Marly;1006;1361;40;2280
Matran;196;299;9;505
Neyruz (FR);256;433;17;679
Pierrafortscha;26;38;0;39
Ponthaux;70;95;8;260
Le Mouret;518;407;16;1134
Treyvaux;247;264;6;515
Villars-sur-Glâne;1104;2078;34;3085
Villarsel-sur-Marly;8;23;0;20
Hauterive (FR);291;368;21;777
La Brillaz;224;290;9;648
La Sonnaz;132;186;4;362
Gibloux;913;1017;42;2377
Prez;271;294;15;692
Bois-d'Amont;308;399;8;656
Courgevaux;185;153;10;394
Courtepin;576;560;19;1477
Cressier (FR);118;154;7;224
Fräschels;133;87;5;141
Greng;55;30;0;41
Gurmels;743;510;16;1540
Kerzers;806;624;22;1377
Kleinbösingen;152;78;5;220
Meyriez;139;143;5;157
Misery-Courtion;189;175;2;631
Muntelier;182;249;4;261
Murten;1587;1568;41;2737
Ried bei Kerzers;254;133;3;305
Ulmiz;120;54;2;146
Mont-Vully;556;667;12;1086
Brünisried;161;64;2;278
Düdingen;1426;1242;50;2733
Giffers;316;163;8;608
Bösingen;683;569;21;1235
Heitenried;248;223;8;516
Plaffeien;771;358;24;1526
Plasselb;277;76;5;387
Rechthalten;262;138;10;476
St. Silvester;219;86;6;424
St. Ursen;236;241;6;490
Schmitten (FR);706;663;17;1328
Tafers;1369;1149;46;2580
Tentlingen;247;180;6;497
Ueberstorf;549;366;11;899
Wünnewil-Flamatt;966;812;27;1788
Attalens;360;446;17;1054
Bossonnens;144;178;9;506
Châtel-Saint-Denis;829;683;24;1929
Granges (Veveyse);114;171;5;243
Remaufens;130;150;11;314
Saint-Martin (FR);143;173;1;381
Semsales;208;162;5;495
Le Flon;148;141;5;452
La Verrerie;147;155;11;446
Egerkingen;737;368;13;833
Härkingen;346;199;7;391
Kestenholz;410;305;7;484
Neuendorf;530;235;2;602
Niederbuchsiten;283;115;3;310
Oberbuchsiten;451;229;10;534
Oensingen;1142;564;17;1542
Wolfwil;521;313;12;708
Aedermannsdorf;140;94;3;178
Balsthal;1127;674;16;1508
Herbetswil;158;74;1;191
Holderbank (SO);171;60;2;224
Laupersdorf;479;213;6;531
Matzendorf;433;175;5;383
Mümliswil-Ramiswil;832;303;13;721
Welschenrohr-Gänsbrunnen;342;165;2;418
Biezwil;109;47;0;107
Lüterkofen-Ichertswil;183;163;5;241
Lüterswil-Gächliwil;104;68;0;103
Messen;383;221;5;481
Schnottwil;252;198;2;331
Unterramsern;59;49;0;60
Lüsslingen-Nennigkofen;201;190;4;312
Buchegg;614;483;10;884
Bättwil;249;197;3;337
Büren (SO);232;142;2;310
Dornach;872;1204;38;1829
Gempen;156;161;11;226
Hochwald;314;270;7;307
Hofstetten-Flüh;617;576;18;922
Metzerlen-Mariastein;247;164;14;266
Nuglar-St. Pantaleon;347;240;7;481
Rodersdorf;276;338;7;341
Seewen;253;150;5;378
Witterswil;293;278;17;393
Hauenstein-Ifenthal;59;64;2;101
Kienberg;144;77;2;152
Lostorf;979;706;21;1100
Niedergösgen;859;437;20;1003
Obergösgen;453;307;7;640
Stüsslingen;297;187;4;351
Trimbach;974;744;15;1800
Winznau;402;302;6;517
Wisen (SO);86;90;4;151
Erlinsbach (SO);653;560;18;1021
Aeschi (SO);300;229;0;413
Biberist;1530;1187;44;2500
Bolken;135;81;3;171
Deitingen;601;373;11;620
Derendingen;1124;732;25;1752
Etziken;205;108;4;282
Gerlafingen;795;453;10;1244
Halten;213;155;2;276
Horriwil;243;150;2;237
Hüniken;22;25;0;29
Kriegstetten;332;208;2;391
Lohn-Ammannsegg;641;599;18;744
Luterbach;788;481;16;1021
Obergerlafingen;318;158;4;383
Oekingen;230;125;5;190
Recherswil;452;254;12;561
Subingen;686;393;10;895
Zuchwil;1302;910;28;2293
Drei Höfe;203;131;0;247
Balm bei Günsberg;61;35;0;56
Bellach;1157;664;15;1419
Bettlach;1141;608;21;1590
Feldbrunnen-St. Niklaus;247;276;8;232
Flumenthal;268;142;4;349
Grenchen;3011;1535;44;5160
Günsberg;332;203;2;364
Hubersdorf;168;121;4;239
Kammersrohr;13;9;2;15
Langendorf;687;714;29;1194
Lommiswil;381;296;12;400
Oberdorf (SO);387;380;12;473
Riedholz;473;434;8;673
Rüttenen;375;354;10;409
Selzach;747;376;8;1064
Boningen;178;74;5;236
Däniken;713;370;11;781
Dulliken;871;493;17;1042
Eppenberg-Wöschnau;62;39;2;97
Fulenbach;371;285;2;535
Gretzenbach;605;418;6;650
Gunzgen;443;198;7;548
Hägendorf;1126;594;12;1304
Kappel (SO);695;434;10;903
Olten;2784;3098;79;4926
Rickenbach (SO);281;141;8;266
Schönenwerd;774;574;9;1153
Starrkirch-Wil;350;386;8;400
Walterswil (SO);193;78;3;295
Wangen bei Olten;959;771;19;1457
Solothurn;2286;3848;83;5066
Bärschwil;293;99;3;322
Beinwil (SO);62;54;0;125
Breitenbach;667;365;6;1115
Büsserach;490;238;3;695
Erschwil;218;117;2;342
Fehren;163;63;0;233
Grindel;147;52;1;187
Himmelried;202;165;6;339
Kleinlützel;269;188;13;516
Meltingen;177;98;0;210
Nunningen;478;247;7;676
Zullwil;155;73;4;215
Basel;22118;29480;1028;40601
Bettingen;206;229;1;267
Riehen;4031;4357;177;5265
BS-Ausland-CH;876;1504;49;3832
Aesch (BL);1704;1416;42;3482
Allschwil;3506;3238;108;6333
Arlesheim;1274;1884;107;2775
Biel-Benken;622;639;12;947
Binningen;2631;2966;82;4377
Birsfelden;1721;1446;150;3519
Bottmingen;1109;1369;66;1673
Ettingen;1018;939;23;1546
Münchenstein;1973;2022;96;3774
Muttenz;3062;2888;76;6044
Oberwil (BL);1795;2041;53;3270
Pfeffingen;538;434;7;644
Reinach (BL);3730;3215;166;6091
Schönenbuch;319;259;10;460
Therwil;1764;1740;96;3091
Blauen;178;117;1;245
Brislach;415;145;12;568
Burg im Leimental;40;37;2;105
Dittingen;176;111;9;267
Duggingen;274;220;3;502
Grellingen;307;247;7;528
Laufen;843;716;15;1758
Liesberg;297;149;8;434
Nenzlingen;108;48;1;156
Roggenburg;79;24;3;118
Röschenz;486;278;13;617
Wahlen;324;135;4;539
Zwingen;380;234;18;809
Arisdorf;389;180;12;569
Augst;190;149;7;299
Bubendorf;878;705;23;1437
Frenkendorf;929;753;37;1937
Füllinsdorf;778;611;39;1386
Giebenach;210;117;6;338
Hersberg;63;44;2;127
Lausen;929;620;25;1519
Liestal;2000;2183;117;4357
Lupsingen;315;265;8;405
Pratteln;1992;1733;122;4338
Ramlinsburg;141;139;2;211
Seltisberg;312;278;4;433
Ziefen;284;251;7;579
Anwil;132;72;8;211
Böckten;190;132;8;252
Buckten;147;105;2;239
Buus;272;113;8;331
Diepflingen;126;63;1;219
Gelterkinden;1001;922;44;1977
Häfelfingen;74;39;1;82
Hemmiken;63;31;2;124
Itingen;409;295;4;602
Känerkinden;135;96;2;155
Kilchberg (BL);39;24;0;49
Läufelfingen;302;155;7;467
Maisprach;178;161;7;337
Nusshof;49;35;1;76
Oltingen;82;91;2;165
Ormalingen;442;281;7;720
Rickenbach (BL);136;94;1;185
Rothenfluh;171;101;8;301
Rümlingen;73;34;3;136
Rünenberg;193;149;7;280
Sissach;1133;1032;29;2138
Tecknau;150;71;1;265
Tenniken;198;154;6;338
Thürnen;324;131;2;491
Wenslingen;168;103;1;257
Wintersingen;147;87;2;259
Wittinsburg;110;55;2;125
Zeglingen;100;84;5;173
Zunzgen;554;323;8;903
Arboldswil;137;84;2;158
Bennwil;178;77;2;215
Bretzwil;231;65;5;263
Diegten;394;161;6;574
Eptingen;138;66;1;202
Hölstein;451;343;14;795
Lampenberg;151;90;3;152
Langenbruck;193;140;5;370
Lauwil;79;56;0;129
Liedertswil;52;14;0;57
Niederdorf;362;197;10;593
Oberdorf (BL);447;267;6;764
Reigoldswil;290;200;5;617
Titterten;108;82;3;131
Waldenburg;203;128;2;414
Gächlingen;232;160;30;189
Löhningen;408;249;16;258
Neunkirch;477;374;30;448
Büttenhardt;108;73;7;68
Dörflingen;272;175;19;155
Lohn (SH);246;125;18;106
Stetten (SH);300;238;25;173
Thayngen;1465;815;136;858
Bargen (SH);85;28;6;58
Beringen;1068;672;105;757
Buchberg;309;191;12;119
Merishausen;276;116;17;139
Neuhausen am Rheinfall;1934;1322;185;1920
Rüdlingen;223;160;5;145
Schaffhausen;7071;7076;731;7391
Beggingen;176;81;3;119
Schleitheim;483;280;33;417
Siblingen;202;146;5;223
Buch (SH);75;40;5;79
Hemishofen;122;74;5;98
Ramsen;354;168;8;304
Stein am Rhein;784;628;62;726
Hallau;594;324;18;481
Oberhallau;163;74;9;89
Trasadingen;154;98;9;154
Wilchingen;473;305;20;367
Herisau;2982;2351;80;4987
Hundwil;272;97;5;334
Schönengrund;156;68;4;143
Schwellbrunn;464;206;9;414
Stein (AR);361;252;6;429
Urnäsch;581;261;5;748
Waldstatt;452;281;11;416
Bühler;346;217;8;398
Gais;749;621;4;842
Speicher;822;940;33;1171
Teufen (AR);1377;1265;37;1650
Trogen;301;540;12;446
Grub (AR);237;179;9;305
Heiden;849;658;22;1140
Lutzenberg;315;138;7;431
Rehetobel;366;445;12;430
Reute (AR);168;131;4;210
Wald (AR);204;146;4;260
Walzenhausen;457;283;12;660
Wolfhalden;408;235;14;545
Appenzell;1103;712;72;1982
Gonten;368;147;10;565
Schlatt-Haslen;271;134;10;433
Oberegg;497;254;23;622
Schwende-Rüte;1360;601;48;1804
AI-Ausland-CH;33;51;3;165
Häggenschwil;280;201;10;338
Muolen;269;180;5;349
St. Gallen;10291;13083;615;20967
Wittenbach;1797;1237;49;2828
Berg (SG);211;136;8;247
Eggersriet;456;419;15;692
Goldach;1920;1182;52;2634
Mörschwil;864;746;29;866
Rorschach;1055;888;38;2207
Rorschacherberg;1414;914;44;1883
Steinach;626;409;11;1021
Tübach;248;239;9;374
Untereggen;250;154;4;288
Au (SG);1247;684;38;1811
Balgach;862;624;20;1193
Berneck;818;577;31;1005
Diepoldsau;1218;555;33;1703
Rheineck;608;333;10;836
St. Margrethen;942;442;29;1197
Thal;1429;719;29;1797
Widnau;1735;858;36;2405
Altstätten;2356;1297;78;3011
Eichberg;369;110;6;435
Marbach (SG);474;244;19;541
Oberriet (SG);2298;706;38;2554
Rebstein;804;443;17;1158
Rüthi (SG);491;176;4;624
Buchs (SG);1806;1239;67;3227
Gams;693;427;20;857
Grabs;1318;945;36;2170
Sennwald;1028;478;18;1417
Sevelen;818;482;18;1187
Wartau;1068;573;26;1314
Bad Ragaz;1007;640;32;1601
Flums;1083;325;14;1555
Mels;1971;864;29;2787
Pfäfers;329;187;3;552
Quarten;708;244;13;864
Sargans;995;739;31;1690
Vilters-Wangs;1031;521;21;1356
Walenstadt;1072;656;26;1666
Amden;409;230;6;609
Benken (SG);683;249;13;796
Kaltbrunn;872;400;16;1281
Schänis;868;369;17;1306
Weesen;318;266;11;486
Schmerikon;707;458;10;1006
Uznach;991;715;28;1644
Rapperswil-Jona;5335;4418;164;7742
Gommiswald;1272;561;30;1569
Eschenbach (SG);2200;817;43;2645
Ebnat-Kappel;1104;739;26;1552
Wildhaus-Alt St. Johann;587;339;15;944
Nesslau;882;494;23;1305
Lichtensteig;354;300;8;614
Wattwil;1689;1102;36;2474
Kirchberg (SG);1664;951;39;2212
Lütisburg;364;169;12;399
Mosnang;691;327;20;1047
Bütschwil-Ganterschwil;1108;474;23;1517
Neckertal;1515;797;43;2200
Degersheim;739;571;22;1160
Flawil;1715;1182;54;2763
Jonschwil;806;426;18;1180
Oberuzwil;1222;842;39;1738
Uzwil;2426;1471;72;3509
Niederbüren;416;153;2;407
Niederhelfenschwil;676;381;14;896
Oberbüren;1168;455;13;1215
Zuzwil (SG);1121;681;38;1292
Wil (SG);4775;3904;183;5189
Andwil (SG);453;286;20;541
Gaiserwald;1818;1395;58;2334
Gossau (SG);3897;2344;103;5394
Waldkirch;836;435;36;989
SG-Ausland-CH;1164;1315;34;3717
Vaz/Obervaz;454;397;23;930
Lantsch/Lenz;73;66;2;253
Schmitten (GR);40;37;2;125
Albula/Alvra;218;211;1;584
Surses;330;334;13;1128
Bergün Filisur;161;177;1;352
Brusio;244;96;7;579
Poschiavo;910;632;66;1209
Falera;99;116;3;212
Laax;218;225;11;515
Sagogn;98;111;6;298
Schluein;75;74;0;230
Vals;106;207;10;465
Lumnezia;380;308;12;1139
Ilanz/Glion;711;622;59;2038
Fürstenau;55;65;6;130
Rothenbrunnen;57;43;1;115
Scharans;176;151;6;294
Sils im Domleschg;154;113;8;342
Cazis;316;269;10;821
Flerden;31;51;1;84
Masein;65;98;6;165
Thusis;349;355;16;1038
Tschappina;28;34;3;49
Urmein;21;38;2;40
Safiental;166;172;8;402
Domleschg;303;425;15;711
Avers;44;24;1;72
Sufers;41;29;3;34
Andeer;143;143;16;317
Rongellen;15;5;0;15
Zillis-Reischen;81;59;2;164
Ferrera;28;11;0;30
Rheinwald;104;116;7;267
Muntogna da Schons;50;77;2;162
Bonaduz;460;370;14;1079
Domat/Ems;1323;923;48;2419
Rhäzüns;194;151;4;502
Felsberg;430;446;13;741
Flims;445;433;30;897
Tamins;190;233;7;427
Trin;175;257;16;445
Zernez;265;238;12;574
Samnaun;112;74;5;345
Scuol;624;728;28;1805
Valsot;109;117;10;457
Bever;110;126;7;230
Celerina/Schlarigna;155;189;10;506
Madulain;39;37;0;52
Pontresina;200;263;8;650
La Punt Chamues-ch;96;80;4;306
Samedan;340;470;24;1111
St. Moritz;769;785;47;1185
S-chanf;101;99;4;284
Sils im Engadin/Segl;57;107;6;268
Silvaplana;119;99;18;339
Zuoz;140;183;13;367
Bregaglia;271;241;27;687
Buseno;28;17;1;39
Castaneda;49;42;11;102
Rossa;46;16;2;50
Santa Maria in Calanca;33;11;4;49
Lostallo;203;84;7;207
Mesocco;283;118;16;502
Soazza;109;48;4;108
Cama;103;22;3;217
Grono;243;134;17;401
Roveredo (GR);546;285;42;738
San Vittore;174;89;11;244
Calanca;56;42;2;96
Val Müstair;264;265;18;741
Davos;1493;1611;81;3934
Fideris;87;85;7;275
Furna;34;23;1;90
Jenaz;245;138;6;473
Klosters;883;618;34;1675
Conters im Prättigau;67;20;0;85
Küblis;162;72;6;311
Luzein;335;153;9;679
Chur;5497;5675;411;13324
Churwalden;309;284;18;756
Arosa;535;447;22;1308
Tschiertschen-Praden;41;53;0;156
Trimmis;592;413;17;1190
Untervaz;389;259;12;963
Zizers;494;437;19;1332
Fläsch;110;107;5;248
Jenins;188;147;8;275
Maienfeld;463;436;23;993
Malans;357;421;18;795
Landquart;1372;940;65;3281
Grüsch;402;274;10;702
Schiers;443;313;32;963
Seewis im Prättigau;203;160;12;601
Breil/Brigels;271;320;19;875
Disentis/Mustér;322;337;36;916
Medel (Lucmagn);58;70;6;211
Sumvitg;152;185;11;672
Tujetsch;252;201;7;627
Trun;129;168;5;710
Obersaxen Mundaun;187;146;13;549
Aarau;3268;4273;116;5715
Biberstein;352;347;10;367
Buchs (AG);1178;911;22;1849
Densbüren;172;82;2;295
Erlinsbach (AG);758;618;25;1109
Gränichen;1481;886;24;2132
Hirschthal;348;217;4;492
Küttigen;1055;1248;32;1582
Muhen;867;447;11;1239
Oberentfelden;1456;878;37;2137
Suhr;1453;1287;36;2592
Unterentfelden;772;584;24;1085
Baden;2468;3933;106;4667
Bellikon;388;317;10;439
Bergdietikon;813;492;31;416
Birmenstorf (AG);538;384;12;770
Ennetbaden;390;881;23;766
Fislisbach;865;796;25;1661
Freienwil;181;193;3;231
Gebenstorf;800;713;18;1348
Killwangen;335;249;4;512
Künten;346;227;5;515
Mägenwil;402;204;10;608
Mellingen;772;562;11;1365
Neuenhof;1063;655;34;1974
Niederrohrdorf;676;554;14;1100
Oberrohrdorf;784;835;26;1096
Obersiggenthal;1211;1379;43;2039
Remetschwil;441;324;9;584
Spreitenbach;1148;642;29;2578
Stetten (AG);337;222;4;495
Turgi;354;345;16;723
Untersiggenthal;1193;1010;15;1758
Wettingen;3356;3557;90;5564
Wohlenschwil;315;220;8;434
Würenlingen;894;546;17;1167
Würenlos;1275;918;26;1646
Ehrendingen;869;599;18;1287
Arni (AG);393;307;7;480
Berikon;913;775;15;1437
Bremgarten (AG);1343;1085;27;2360
Büttikon;242;95;2;284
Dottikon;532;361;9;905
Eggenwil;223;148;12;226
Fischbach-Göslikon;361;168;10;482
Hägglingen;532;320;10;728
Jonen;390;311;7;535
Niederwil (AG);514;319;13;729
Oberlunkhofen;431;357;3;579
Oberwil-Lieli;594;435;7;573
Rudolfstetten-Friedlisberg;765;550;18;1332
Sarmenstorf;554;287;10;880
Tägerig;324;177;9;423
Uezwil;104;56;0;133
Unterlunkhofen;298;208;7;405
Villmergen;1236;552;20;1901
Widen;846;683;24;1046
Wohlen (AG);2402;1672;36;3833
Zufikon;896;630;13;1234
Islisberg;127;100;0;130
Auenstein;339;292;7;489
Birr;562;299;12;985
Birrhard;205;86;4;180
Brugg;1991;2103;62;3198
Habsburg;127;81;2;116
Hausen (AG);618;422;12;859
Lupfig;653;412;11;809
Mandach;88;32;2;100
Mönthal;111;60;0;157
Mülligen;223;152;3;292
Remigen;255;180;4;314
Riniken;310;280;10;394
Rüfenach;166;172;5;276
Thalheim (AG);235;106;2;239
Veltheim (AG);284;225;2;455
Villigen;459;284;7;567
Villnachern;346;275;8;428
Windisch;1004;1040;30;1763
Bözberg;382;256;13;493
Schinznach;507;371;12;664
Beinwil am See;687;480;20;915
Birrwil;235;181;4;315
Dürrenäsch;387;97;3;343
Gontenschwil;547;224;10;666
Holziken;323;95;3;462
Leimbach (AG);141;57;1;130
Leutwil;239;68;3;229
Menziken;1171;574;32;1832
Oberkulm;625;264;13;697
Reinach (AG);1359;670;19;2246
Schlossrued;244;67;4;309
Schmiedrued;283;99;22;460
Schöftland;816;485;20;1302
Teufenthal (AG);344;160;6;531
Unterkulm;610;321;8;817
Zetzwil;382;139;6;407
Eiken;368;237;10;758
Frick;825;689;21;1425
Gansingen;238;160;5;332
Gipf-Oberfrick;571;634;15;1094
Kaisten;497;360;15;866
Laufenburg;484;413;17;948
Münchwilen (AG);181;88;4;245
Oberhof;123;81;2;205
Oeschgen;215;106;2;312
Schwaderloch;151;63;2;225
Sisseln;250;111;5;527
Wittnau;261;191;2;376
Wölflinswil;240;148;9;316
Zeihen;227;167;5;301
Mettauertal;400;305;5;716
Böztal;598;361;11;787
Herznach-Ueken;481;338;11;659
Ammerswil;133;109;4;229
Boniswil;368;192;8;393
Brunegg;167;79;4;207
Dintikon;430;198;5;574
Egliswil;299;195;5;456
Fahrwangen;322;191;8;669
Hallwil;192;61;2;276
Hendschiken;203;128;2;333
Holderbank (AG);209;59;3;285
Hunzenschwil;670;264;10;1059
Lenzburg;1236;1485;41;2308
Meisterschwanden;702;391;12;729
Möriken-Wildegg;872;622;13;1175
Niederlenz;708;535;23;1190
Othmarsingen;499;308;2;705
Rupperswil;972;570;17;1326
Schafisheim;597;349;16;868
Seengen;807;563;13;1018
Seon;988;583;19;1401
Staufen;578;489;14;715
Abtwil;213;98;4;286
Aristau;304;171;9;420
Auw;311;172;7;593
Beinwil (Freiamt);265;111;6;329
Besenbüren;170;77;2;180
Bettwil;146;83;3;187
Boswil;579;263;11;916
Bünzen;244;145;5;328
Buttwil;242;161;7;411
Dietwil;291;134;5;411
Geltwil;37;39;2;47
Kallern;82;57;1;97
Merenschwand;700;458;13;833
Mühlau;270;116;3;328
Muri (AG);1222;907;18;2192
Oberrüti;298;174;9;431
Rottenschwil;217;107;4;235
Sins;868;523;12;1177
Waltenschwil;572;333;8;799
Hellikon;218;82;3;307
Kaiseraugst;818;606;22;1684
Magden;696;664;18;1097
Möhlin;1590;1057;26;3558
Mumpf;200;116;3;436
Obermumpf;216;109;4;388
Olsberg;71;79;3;139
Rheinfelden;1564;1704;53;3838
Schupfart;198;94;5;270
Stein (AG);429;247;11;884
Wallbach;399;219;12;665
Wegenstetten;222;150;8;401
Zeiningen;417;358;6;786
Zuzgen;169;108;5;312
Aarburg;968;629;26;1870
Bottenwil;199;102;5;304
Brittnau;887;562;22;1186
Kirchleerau;244;95;2;253
Kölliken;887;585;12;1332
Moosleerau;215;80;2;280
Murgenthal;643;276;18;1030
Oftringen;1995;1212;43;3723
Reitnau;371;167;8;534
Rothrist;1556;853;28;2826
Safenwil;766;344;13;1337
Staffelbach;274;116;7;374
Strengelbach;830;549;14;1420
Uerkheim;362;150;11;429
Vordemwald;431;287;11;604
Wiliberg;62;21;2;35
Zofingen;2031;2156;52;3399
Böttstein;730;291;5;886
Döttingen;661;341;13;931
Endingen;452;414;12;678
Fisibach;78;46;1;116
Full-Reuenthal;173;112;7;284
Klingnau;628;370;17;936
Koblenz;284;137;2;396
Leibstadt;294;99;5;378
Lengnau (AG);555;375;7;749
Leuggern;622;222;10;615
Mellikon;49;36;1;87
Schneisingen;326;204;4;429
Siglistorf;135;62;1;194
Tegerfelden;229;143;6;365
Zurzach;1293;906;32;2010
AG-Ausland-CH;1075;1428;39;3766
Arbon;2284;1729;182;3858
Dozwil;168;67;5;180
Egnach;914;563;78;1397
Hefenhofen;235;158;14;431
Horn;518;367;20;842
Kesswil;223;171;11;245
Roggwil (TG);655;390;40;890
Romanshorn;1531;1165;80;3102
Salmsach;233;170;12;402
Sommeri;142;63;15;150
Uttwil;388;234;26;523
Amriswil;2106;1175;154;3720
Bischofszell;1222;778;67;1383
Erlen;606;275;33;1096
Hauptwil-Gottshaus;420;184;5;638
Hohentannen;148;62;4;194
Kradolf-Schönenberg;646;350;17;1079
Sulgen;810;505;61;819
Zihlschlacht-Sitterdorf;501;205;8;708
Basadingen-Schlattingen;423;198;26;528
Diessenhofen;649;396;10;939
Schlatt (TG);405;181;9;520
Aadorf;1778;1047;171;2576
Felben-Wellhausen;469;275;33;839
Frauenfeld;3926;3617;183;7245
Gachnang;749;469;35;1086
Hüttlingen;192;118;9;283
Matzingen;442;285;14;853
Neunforn;251;132;3;346
Stettfurt;265;162;9;349
Thundorf;290;159;7;490
Uesslingen-Buch;273;144;9;377
Warth-Weiningen;336;193;5;392
Altnau;332;283;6;646
Bottighofen;388;338;23;516
Ermatingen;523;381;20;814
Gottlieben;46;57;4;63
Güttingen;323;186;16;412
Kemmental;487;210;20;802
Kreuzlingen;2140;1773;209;4173
Langrickenbach;282;118;3;354
Lengwil;280;153;5;427
Münsterlingen;429;357;9;696
Tägerwilen;578;422;58;1086
Wäldi;253;88;11;350
Affeltrangen;611;213;21;746
Bettwiesen;215;122;16;329
Bichelsee-Balterswil;622;318;26;884
Braunau;184;73;9;194
Eschlikon;824;557;39;1318
Fischingen;662;335;28;839
Lommis;271;126;5;366
Münchwilen (TG);940;483;45;1547
Rickenbach (TG);441;236;14;793
Schönholzerswilen;213;93;3;229
Sirnach;1250;768;92;2292
Tobel-Tägerschen;355;105;23;462
Wängi;823;470;89;1433
Wilen (TG);414;320;11;646
Wuppenau;253;133;6;351
Berlingen;175;144;7;250
Eschenz;340;220;5;573
Herdern;191;137;18;326
Homburg;364;176;15;548
Hüttwilen;330;236;22;452
Mammern;109;98;2;138
Müllheim;481;248;62;975
Pfyn;629;54;10;659
Raperswilen;131;29;2;126
Salenstein;290;176;18;328
Steckborn;577;474;51;1128
Wagenhausen;362;178;12;531
Amlikon-Bissegg;333;124;7;462
Berg (TG);734;366;16;983
Birwinken;343;118;12;444
Bürglen (TG);660;300;22;1080
Bussnang;533;246;9;677
Märstetten;569;346;22;752
Weinfelden;2045;1643;113;3141
Wigoltingen;446;239;14;832
TG-Ausland-CH;476;545;20;1315
Arbedo-Castione;765;445;38;1278
Bellinzona;6658;4894;329;13198
Cadenazzo;350;159;8;692
Isone;144;25;2;133
Lumino;311;152;12;434
Sant'Antonino;408;164;12;729
Acquarossa;317;174;19;938
Blenio;360;175;11;847
Serravalle;541;228;7;938
Airolo;390;150;7;531
Bedretto;21;12;0;27
Bodio;149;71;7;249
Dalpe;50;23;2;80
Faido;713;417;33;1019
Giornico;147;80;8;321
Personico;56;43;1;134
Pollegio;96;57;4;224
Prato (Leventina);96;53;4;135
Quinto;203;143;5;375
Ascona;964;597;31;1867
Brione sopra Minusio;112;85;4;208
Brissago;366;212;12;775
Gordola;759;436;17;1717
Lavertezzo;165;113;7;434
Locarno;2062;1387;94;5476
Losone;1155;661;37;2311
Mergoscia;54;35;1;74
Minusio;1224;935;53;2475
Muralto;463;362;13;1035
Orselina;129;142;4;262
Ronco sopra Ascona;149;100;8;229
Tenero-Contra;434;275;17;838
Onsernone;139;140;9;477
Cugnasco-Gerra;512;316;21;1042
Agno;598;345;11;1328
Aranno;42;59;1;116
Arogno;188;123;5;346
Astano;64;50;2;133
Bedano;305;153;5;461
Bedigliora;103;92;3;295
Bioggio;482;308;12;875
Bissone;154;71;0;274
Brusino Arsizio;104;73;1;190
Cademario;151;75;4;252
Cadempino;257;129;13;458
Canobbio;380;214;10;657
Caslano;654;333;23;1350
Comano;458;352;12;610
Cureglia;267;236;6;415
Curio;99;86;3;221
Grancia;95;25;2;136
Gravesano;256;133;7;418
Lamone;243;131;13;445
Lugano;9090;5806;270;18558
Magliaso;332;135;9;507
Manno;245;178;11;399
Massagno;781;711;37;1630
Melide;254;160;7;489
Mezzovico-Vira;267;96;9;426
Miglieglia;51;31;4;119
Morcote;136;58;7;222
Muzzano;177;127;2;267
Neggio;67;53;1;125
Novaggio;117;122;3;373
Origlio;273;196;9;409
Paradiso;412;216;21;918
Ponte Capriasca;324;218;15;595
Porza;332;193;10;433
Pura;264;162;11;523
Savosa;387;228;13;590
Sorengo;277;237;15;436
Capriasca;1220;977;45;2360
Torricella-Taverne;481;296;11;937
Vernate;125;65;2;168
Vezia;370;209;20;568
Vico Morcote;71;24;1;84
Collina d'Oro;873;562;27;1259
Alto Malcantone;273;174;7;570
Monteceneri;774;372;35;1489
Tresa;662;374;47;1196
Val Mara;485;297;29;914
Balerna;610;349;44;1246
Castel San Pietro;479;302;15;751
Chiasso;1218;597;28;2605
Coldrerio;637;306;20;877
Mendrisio;2633;1931;120;5153
Morbio Inferiore;911;471;27;1482
Novazzano;598;246;24;876
Riva San Vitale;570;303;8;897
Stabio;734;470;33;1521
Vacallo;555;334;25;1062
Breggia;416;280;9;860
Biasca;882;428;9;1829
Riviera;594;321;27;1259
Bosco/Gurin;10;12;1;22
Campo (Vallemaggia);18;2;1;31
Cerentino;9;9;1;34
Cevio;237;139;17;491
Linescio;16;6;0;20
Maggia;445;290;15;1012
Lavizzara;120;51;5;283
Avegno Gordevio;295;179;6;525
Terre di Pedemonte;544;419;18;839
Centovalli;240;150;23;523
Gambarogno;834;560;39;2028
Verzasca;156;73;4;376
Aigle;1184;1088;45;2318
Bex;922;956;33;1906
Chessel;91;60;2;86
Corbeyrier;93;74;2;112
Gryon;167;189;10;334
Lavey-Morcles;163;118;3;296
Leysin;239;276;11;669
Noville;149;111;6;194
Ollon;953;1018;30;1695
Ormont-Dessous;182;116;7;459
Ormont-Dessus;231;249;5;501
Rennaz;84;68;0;201
Roche (VD);172;113;3;338
Villeneuve (VD);616;540;21;1267
Yvorne;164;187;5;337
Aubonne;354;666;16;948
Ballens;98;90;1;103
Berolle;30;60;1;86
Bière;256;181;7;489
Bougy-Villars;71;81;6;113
Féchy;102;188;2;146
Gimel;249;278;5;545
Longirod;52;65;2;154
Marchissy;29;80;1;156
Mollens (VD);63;39;1;76
Saint-George;97;172;4;256
Saint-Livres;103;103;2;196
Saint-Oyens;59;45;2;95
Saubraz;55;42;1;103
Avenches;362;442;12;1016
Cudrefin;197;196;6;440
Faoug;107;130;1;255
Vully-les-Lacs;419;469;9;813
Bettens;56;64;5;89
Bournens;55;54;1;85
Boussens;173;142;3;261
La Chaux (Cossonay);56;99;2;128
Chavannes-le-Veyron;25;26;2;32
Chevilly;25;63;1;79
Cossonay;396;596;18;1000
Cuarnens;51;96;2;118
Daillens;149;150;2;264
Dizy;36;45;2;63
Eclépens;170;211;2;251
Ferreyres;41;65;2;97
Gollion;90;122;0;224
Grancy;46;89;1;123
L'Isle;149;173;3;376
Lussery-Villars;54;72;2;122
Mauraz;7;20;1;11
Mex (VD);99;125;1;189
Moiry;39;69;2;69
Mont-la-Ville;89;64;0;105
Montricher;139;165;1;258
Orny;48;64;2;124
Penthalaz;416;507;7;899
Penthaz;252;232;5;478
Pompaples;99;118;5;234
La Sarraz;255;352;6;636
Senarclens;68;91;0;108
Sullens;189;152;1;251
Vufflens-la-Ville;181;253;2;331
Assens;243;269;3;439
Bercher;156;216;3;344
Bottens;169;184;5;405
Bretigny-sur-Morrens;120;131;4;229
Cugy (VD);315;468;9;635
Echallens;639;906;35;1622
Essertines-sur-Yverdon;167;137;3;285
Etagnières;153;186;2;257
Fey;71;111;8;194
Froideville;312;349;5;505
Morrens (VD);179;235;9;261
Oulens-sous-Echallens;89;121;4;134
Pailly;92;70;0;139
Penthéréaz;48;75;2;137
Poliez-Pittet;142;111;5;241
Rueyres;51;36;2;70
Saint-Barthélemy (VD);124;137;2;208
Villars-le-Terroir;175;131;3;260
Vuarrens;108;108;3;301
Montilliez;287;270;7;382
Goumoëns;181;156;2;260
Bonvillars;103;89;2;152
Bullet;138;102;2;214
Champagne;126;155;1;231
Concise;128;160;5;237
Corcelles-près-Concise;30;69;0;97
Fiez;63;94;1;104
Fontaines-sur-Grandson;40;26;2;27
Giez;60;74;3;108
Grandevent;49;55;0;45
Grandson;415;610;14;964
Mauborget;22;23;0;18
Mutrux;27;22;1;48
Novalles;25;32;0;20
Onnens (VD);60;96;2;147
Provence;62;48;1;141
Sainte-Croix;720;789;20;1598
Tévenon;115;141;3;238
Belmont-sur-Lausanne;398;699;14;781
Cheseaux-sur-Lausanne;554;686;18;1147
Crissier;709;793;17;1577
Epalinges;973;1882;47;2133
Jouxtens-Mézery;184;366;7;306
Lausanne;10667;20227;630;31533
Le Mont-sur-Lausanne;805;1100;29;1548
Paudex;190;280;3;322
Prilly;1238;1561;129;2918
Pully;2044;3657;154;4236
Renens (VD);1578;2026;50;4083
Romanel-sur-Lausanne;469;571;12;1030
Chexbres;309;455;13;557
Forel (Lavaux);329;333;9;624
Lutry;1194;2050;79;2381
Puidoux;313;448;15;737
Rivaz;50;95;3;86
Saint-Saphorin (Lavaux);40;104;0;88
Savigny;445;717;12;916
Bourg-en-Lavaux;675;1252;33;1276
Aclens;69;95;2;121
Bremblens;74;94;0;144
Buchillon;91;143;4;133
Bussigny;913;1269;27;2046
Chavannes-près-Renens;523;644;26;1411
Chigny;33;64;0;78
Clarmont;19;39;1;38
Denens;89;169;2;169
Denges;183;282;5;389
Echandens;356;448;14;609
Echichens;325;566;10;627
Ecublens (VD);1203;1297;50;2569
Etoy;240;466;11;663
Lavigny;88;149;1;203
Lonay;342;469;17;679
Lully (VD);92;193;2;197
Lussy-sur-Morges;47;150;4;168
Morges;1596;2578;83;3999
Préverenges;639;973;28;1160
Romanel-sur-Morges;70;121;2;137
Saint-Prex;542;766;15;1345
Saint-Sulpice (VD);494;591;10;685
Tolochenaz;210;287;3;480
Vaux-sur-Morges;31;47;1;28
Villars-Sainte-Croix;120;129;1;175
Villars-sous-Yens;88;133;2;161
Vufflens-le-Château;93;187;2;190
Vullierens;56;118;4;124
Yens;148;242;4;285
Hautemorges;475;767;15;1099
Boulens;52;63;1;81
Bussy-sur-Moudon;43;35;0;67
Chavannes-sur-Moudon;52;39;1;64
Curtilles;57;44;3;103
Dompierre (VD);53;46;0;87
Hermenches;40;71;2;131
Lovatens;32;22;1;51
Lucens;406;428;14;966
Moudon;478;505;24;1309
Ogens;70;46;1;74
Prévonloup;17;22;0;51
Rossenges;12;6;0;19
Syens;24;24;0;29
Villars-le-Comte;28;23;0;60
Vucherens;95;94;2;178
Montanaire;412;446;8;712
Arnex-sur-Nyon;18;29;2;28
Arzier-Le Muids;311;356;10;590
Bassins;181;166;4;286
Begnins;214;287;6;490
Bogis-Bossey;81;149;2;214
Borex;107;164;4;212
Chavannes-de-Bogis;129;145;2;249
Chavannes-des-Bois;50;88;2;129
Chéserex;193;256;6;272
Coinsins;58;72;3;106
Commugny;355;419;8;497
Coppet;287;489;8;590
Crans (VD);218;384;5;462
Crassier;128;214;12;197
Duillier;117;204;9;270
Eysins;116;214;2;341
Founex;276;467;7;624
Genolier;240;350;2;403
Gingins;132;203;9;293
Givrins;132;191;1;224
Gland;1158;1661;25;3022
Grens;39;85;2;81
Mies;144;307;9;389
Nyon;1735;2932;80;4544
Prangins;405;801;11;960
La Rippe;95;204;9;289
Saint-Cergue;225;278;6;652
Signy-Avenex;59;94;4;106
Tannay;137;308;3;299
Trélex;177;270;4;308
Le Vaud;170;239;5;313
Vich;98;135;1;208
L'Abergement;54;43;0;69
Agiez;44;36;0;86
Arnex-sur-Orbe;107;137;4;177
Ballaigues;148;172;5;323
Baulmes;146;189;8;312
Bavois;104;97;2;293
Bofflens;36;36;1;63
Bretonnières;44;50;2;77
Chavornay;569;562;12;1228
Les Clées;26;37;2;52
Croy;45;81;1;109
Juriens;42;75;6;90
Lignerolle;66;60;1;136
Montcherand;86;67;3;149
Orbe;697;789;17;1862
La Praz;34;31;3;49
Premier;29;63;3;63
Rances;89;85;1;140
Romainmôtier-Envy;62;108;0;155
Sergey;30;30;2;35
Valeyres-sous-Rances;95;103;1;137
Vallorbe;524;427;9;1055
Vaulion;88;102;4;149
Vuiteboeuf;81;81;0;145
Corcelles-le-Jorat;102;69;2;132
Maracon;90;113;3;113
Montpreveyres;61;82;2;170
Ropraz;73;55;4;148
Servion;301;417;11;452
Vulliens;92;87;0;136
Jorat-Menthue;218;245;4;410
Oron;918;972;40;1269
Jorat-Mézières;329;466;10;781
Champtauroz;25;21;0;38
Chevroux;83;77;0;138
Corcelles-près-Payerne;348;288;10;569
Grandcour;151;144;6;280
Henniez;40;28;1;103
Missy;56;77;2;101
Payerne;1217;890;23;2546
Trey;48;51;0;76
Treytorrens (Payerne);29;29;2;31
Villarzel;80;69;1;136
Valbroye;497;447;12;836
Château-d'Oex;464;451;8;1129
Rossinière;78;82;1;180
Rougemont;133;90;6;305
Allaman;52;91;2;98
Bursinel;45;84;1;112
Bursins;88;140;3;218
Burtigny;59;57;0;101
Dully;64;100;1;94
Essertines-sur-Rolle;84;121;1;143
Gilly;138;182;4;210
Luins;67;76;2;131
Mont-sur-Rolle;314;397;4;595
Perroy;144;219;4;375
Rolle;479;779;28;1263
Tartegnin;40;48;1;40
Vinzel;38;67;2;80
L'Abbaye;184;260;10;540
Le Chenit;517;691;26;1401
Le Lieu;126;177;3;302
Chardonne;321;622;10;773
Corseaux;304;472;9;564
Corsier-sur-Vevey;432;495;15;869
Jongny;189;342;11;347
Montreux;2445;3169;149;5814
La Tour-de-Peilz;1494;2452;136;2343
Vevey;1471;2442;77;4470
Veytaux;101;127;9;261
Blonay - Saint-Légier;1409;2222;32;2735
Belmont-sur-Yverdon;45;54;0;110
Bioley-Magnoux;57;18;2;56
Chamblon;94;129;2;159
Champvent;147;115;5;105
Chavannes-le-Chêne;42;42;0;95
Chêne-Pâquier;25;27;0;37
Cheseaux-Noréaz;117;149;3;144
Cronay;78;76;2;84
Cuarny;56;29;0;46
Démoret;36;25;1;37
Donneloye;158;159;7;194
Ependes (VD);59;53;1;109
Mathod;89;113;1;157
Molondin;49;31;0;68
Montagny-près-Yverdon;115;129;5;208
Oppens;25;32;0;52
Orges;43;57;2;93
Orzens;47;55;1;59
Pomy;113;101;4;236
Rovray;40;32;0;34
Suchy;72;78;3;128
Suscévaz;55;34;1;45
Treycovagnes;86;80;0;154
Ursins;41;46;1;70
Valeyres-sous-Montagny;113;108;0;206
Valeyres-sous-Ursins;54;53;4;48
Villars-Epeney;15;10;2;25
Vugelles-La Mothe;23;19;0;42
Yverdon-les-Bains;3122;3831;133;7432
Yvonand;430;475;12;790
VD-CH de l'étranger;2199;3235;245;8230
Brig-Glis;2571;1960;140;4256
Eggerberg;105;50;1;123
Naters;2477;1613;109;2567
Ried-Brig;437;314;34;630
Simplon;76;63;2;142
Termen;200;138;5;304
Zwischbergen;50;2;0;23
Ardon;359;370;42;671
Chamoson;572;525;50;1000
Conthey;1287;1217;117;2383
Nendaz;991;1115;87;2154
Vétroz;782;721;72;1185
Bourg-Saint-Pierre;47;38;0;65
Liddes;131;165;9;235
Orsières;660;641;53;808
Sembrancher;194;171;15;242
Val de Bagnes;1291;1444;109;2851
Bellwald;75;82;4;140
Binn;23;29;0;60
Ernen;101;97;4;241
Fiesch;183;165;18;341
Fieschertal;79;51;3;108
Lax;63;46;3;98
Obergoms;155;102;14;251
Goms;249;218;4;579
Ayent;593;816;59;1251
Evolène;404;420;24;460
Hérémence;313;375;28;426
Saint-Martin (VS);233;253;5;259
Vex;335;324;37;430
Mont-Noble;177;252;19;315
Agarn;179;125;9;259
Albinen;83;49;2;91
Ergisch;68;26;2;55
Inden;28;14;1;38
Leuk;901;641;61;1099
Leukerbad;243;181;18;420
Oberems;21;25;2;56
Salgesch;342;234;6;420
Varen;192;101;10;201
Guttet-Feschel;116;62;2;179
Gampel-Bratsch;553;320;29;501
Turtmann-Unterems;287;225;5;369
Bovernier;189;171;10;251
Fully;1214;1252;149;2204
Isérables;244;139;11;393
Leytron;624;450;20;794
Martigny;2345;2847;139;4591
Martigny-Combe;395;463;33;676
Riddes;489;344;39;717
Saillon;371;319;39;593
Saxon;765;464;98;1225
Trient;36;40;2;41
Champéry;231;213;16;400
Collombey-Muraz;1151;882;86;2100
Monthey;2342;2355;190;4452
Port-Valais;561;363;36;940
Saint-Gingolph;162;151;27;298
Troistorrents;899;649;124;1260
Val-d'Illiez;426;243;29;513
Vionnaz;409;337;19;715
Vouvry;599;479;39;1079
Bister;13;7;0;8
Bitsch;211;123;9;289
Grengiols;98;45;5;208
Riederalp;107;87;3;196
Ausserberg;205;127;17;170
Blatten;69;63;8;109
Bürchen;154;147;7;280
Eischoll;108;108;2;191
Ferden;58;39;6;117
Kippel;67;81;5;155
Niedergesteln;164;126;7;216
Raron;384;284;41;574
Unterbäch;106;79;5;138
Wiler (Lötschen);107;81;2;198
Mörel-Filet;162;144;4;217
Steg-Hohtenn;421;258;14;530
Bettmeralp;68;71;7;222
Collonges;112;119;5;197
Dorénaz;134;126;10;233
Evionnaz;194;204;14;352
Finhaut;60;85;5;115
Massongex;252;294;30;487
Saint-Maurice;645;768;39;1093
Salvan;239;271;11;426
Vernayaz;255;359;18;464
Vérossaz;86;142;9;196
Chalais;521;514;57;1062
Chippis;222;216;27;327
Grône;387;345;19;719
Icogne;84;111;3;175
Lens;549;583;36;1053
Saint-Léonard;430;412;37;589
Sierre;2220;2490;197;4309
Anniviers;459;489;44;781
Crans-Montana;1420;1396;107;2470
Noble-Contrée;690;910;60;1194
Arbaz;225;231;17;294
Grimisuat;446;633;48;774
Savièse;1372;1291;47;1997
Sion;4158;5731;473;9097
Veysonnaz;55;118;3;232
Baltschieder;274;187;7;407
Eisten;76;28;1;83
Embd;102;30;2;117
Grächen;257;154;18;622
Lalden;145;145;7;203
Randa;83;65;6;127
Saas-Almagell;110;73;6;97
Saas-Balen;125;45;4;140
Saas-Fee;207;294;15;505
Saas-Grund;284;129;5;382
St. Niklaus;546;230;37;932
Stalden (VS);323;192;11;354
Staldenried;133;110;3;187
Täsch;181;74;8;214
Törbel;141;60;4;192
Visp;1315;874;157;2294
Visperterminen;274;291;15;525
Zeneggen;48;64;1;90
Zermatt;901;460;69;1491
Boudry;602;758;42;1698
Cortaillod;640;748;36;1550
Rochefort;179;304;7;397
Milvignes;1324;1821;74;2813
La Grande Béroche;1319;1706;64;2899
La Chaux-de-Fonds;4250;5369;240;12555
Les Planchettes;37;32;0;97
La Sagne;176;155;6;464
La Brévine;181;84;3;265
Brot-Plamboz;56;46;1;102
Le Cerneux-Péquignot;79;62;4;108
La Chaux-du-Milieu;67;109;8;156
Le Locle;1568;1621;71;4034
Les Ponts-de-Martel;262;224;11;467
Cornaux;262;230;9;495
Cressier (NE);248;279;16;547
Enges;50;67;3;95
Hauterive (NE);332;503;25;751
Le Landeron;782;832;45;1301
Lignières;128;144;6;372
Neuchâtel;4639;7806;274;13581
Saint-Blaise;353;658;20;1024
La Tène;642;861;33;1316
Val-de-Ruz;2408;2811;90;5111
La Côte-aux-Fées;107;87;4;172
Les Verrières;138;109;7;335
Val-de-Travers;1707;1289;63;4510
Aire-la-Ville;213;205;9;252
Anières;352;437;11;473
Avully;293;303;9;483
Avusy;201;321;17;342
Bardonnex;352;494;22;450
Bellevue;360;377;23;644
Bernex;1552;1978;57;2380
Carouge (GE);2102;3069;94;4533
Cartigny;131;215;7;155
Céligny;91;106;7;135
Chancy;152;197;10;305
Chêne-Bougeries;1382;1987;80;2342
Chêne-Bourg;909;1283;38;1862
Choulex;152;228;9;235
Collex-Bossy;212;322;4;332
Collonge-Bellerive;1087;1455;45;1507
Cologny;672;818;22;938
Confignon;644;956;22;916
Corsier (GE);265;342;7;384
Dardagny;216;243;8;324
Genève;18174;25296;903;38465
Genthod;324;434;26;543
Le Grand-Saconnex;1120;1339;49;2219
Gy;58;117;1;97
Hermance;118;188;8;192
Jussy;227;224;7;251
Laconnex;110;164;8;124
Lancy;3801;3839;163;6627
Meinier;333;419;13;430
Meyrin;2616;2305;68;4540
Onex;2597;2247;105;4120
Perly-Certoux;414;471;17;743
Plan-les-Ouates;1376;1744;54;2222
Pregny-Chambésy;349;482;16;580
Presinge;92;132;3;181
Puplinge;346;433;21;506
Russin;69;96;3;98
Satigny;498;644;24;740
Soral;126;133;5;196
Thônex;1817;1988;78;3231
Troinex;314;572;25;432
Vandoeuvres;402;487;15;511
Vernier;3802;3214;165;7076
Versoix;1292;1571;72;2743
Veyrier;1405;2049;84;2241
GE-CH de l'étranger;2855;4624;115;10639
Boécourt;121;126;6;354
Bourrignon;50;53;5;117
Châtillon (JU);64;78;1;155
Courchapoix;55;72;1;183
Courrendlin;443;393;16;1158
Courroux;441;438;21;1203
Courtételle;302;346;7;982
Delémont;1023;2096;48;4271
Develier;165;207;7;573
Ederswiler;29;6;0;63
Mervelier;87;121;4;235
Mettembert;18;31;0;43
Movelier;90;38;4;168
Pleigne;63;82;2;164
Rossemaison;89;136;2;179
Saulcy;31;57;1;126
Soyhières;70;76;8;180
Haute-Sorne;854;1000;43;2677
Val Terbi;427;482;26;1317
Le Bémont (JU);28;64;0;171
Les Bois;113;210;7;521
Les Breuleux;166;299;8;573
Les Enfers;19;37;1;69
Les Genevez (JU);76;94;6;249
Lajoux (JU);59;147;4;311
Montfaucon;71;94;6;292
Muriaux;78;92;3;251
Le Noirmont;193;291;11;665
Saignelégier;227;527;18;1092
Saint-Brais;25;32;1;127
Soubey;32;15;0;92
Alle;258;267;9;647
Beurnevésin;17;27;2;69
Boncourt;189;237;11;630
Bonfol;130;92;3;364
Bure;106;96;4;350
Coeuve;103;101;6;310
Cornol;136;123;5;443
Courchavon;45;49;1;128
Courgenay;289;311;13;983
Courtedoux;106;127;6;330
Fahy;58;33;3;188
Fontenais;189;373;14;686
Grandfontaine;68;60;3;144
Porrentruy;771;1325;60;2543
Vendlincourt;106;81;3;230
Basse-Allaine;177;193;10;639
Clos du Doubs;154;223;13;650
Haute-Ajoie;204;205;8;583
La Baroche;181;177;8;536
Damphreux-Lugnez;62;43;2;182
